編號,語別,詞語,,音檔
80001,27,a’ase,,3270232.mp3
80002,27,aba,,3270701.mp3
80003,27,ababay,,3270112.mp3
80004,27,ababiraw,,3270236.mp3
80005,27,ababong,,3270241.mp3
80006,27,abera,,3270585.mp3
80007,27,abilrili,,3270628.mp3
80008,27,abo,,3270357.mp3
80009,27,’acaciboko,,3271020.mp3
80010,27,’acase,,3270309.mp3
80011,27,’acay,,3270907.mp3
80012,27,acilay,,3270577.mp3
80013,27,’acoga,ne,3270622.mp3
80014,27,’acolro,,3270161.mp3
80015,27,acongolo,,3270465.mp3
80016,27,’adali,,3270664.mp3
80017,27,’adalro,,3270477.mp3
80018,27,’adavace,,3270648.mp3
80019,27,’ado,,3270169.mp3
80020,27,adreme,,3270374.mp3
80021,27,adring,,3270485.mp3
80022,27,’aeene,,3270518.mp3
80023,27,aga,,3270576.mp3
80024,27,’agai,,3270590.mp3
80025,27,agane,,3270092.mp3
80026,27,’agay,,3270253.mp3
80027,27,agi,,3270101.mp3
80028,27,agi ka ababay,,3270103.mp3
80029,27,agi ka sawalay,,3270102.mp3
80030,27,agoco,,3270726.mp3
80031,27,ahowa,ne,3271065.mp3
80032,27,ahwahwa,ne,3270995.mp3
80033,27,’aidi,,3270751.mp3
80034,27,’a’idrengere,,3271030.mp3
80035,27,ai’ithirolo,,3270893.mp3
80036,27,aikela,,3270674.mp3
80037,27,airang,,3270124.mp3
80038,27,airo’a,ne,3270579.mp3
80039,27,’aiso,,3270310.mp3
80040,27,aivigivigi,,3270529.mp3
80041,27,’a’iya,ne,3270660.mp3
80042,27,’akame,,3270863.mp3
80043,27,’akameale,,3270872.mp3
80044,27,akanekanea ka madro,,3270275.mp3
80045,27,akase,,3271064.mp3
80046,27,akece,,3270210.mp3
80047,27,’akela,ne,3270499.mp3
80048,27,alalingo,,3270421.mp3
80049,27,alalobay,,3270203.mp3
80050,27,’alang,,3270623.mp3
80051,27,alay,,3270556.mp3
80052,27,’aledra,,3270874.mp3
80053,27,alibaebang,,3270213.mp3
80054,27,’along,,3270343.mp3
80055,27,’alraingi,,3271060.mp3
80056,27,alralregele,,3270220.mp3
80057,27,’alrayngi,,3270783.mp3
80058,27,’alreme,,3270513.mp3
80059,27,’alribate,,3270651.mp3
80060,27,’alridring,,3270570.mp3
80061,27,alrima,,3270138.mp3
80062,27,alrisa’esa’e,,3270398.mp3
80063,27,alrivadrang,,3270150.mp3
80064,27,alronaini,,3270545.mp3
80065,27,alrono,,3270315.mp3
80066,27,amani,,3271088.mp3
80067,27,amani ino,,3270077.mp3
80068,27,’ami,,3270342.mp3
80069,27,amoli,,3270910.mp3
80070,27,amwanga,,3270676.mp3
80071,27,anea,ne,3270070.mp3
80072,27,aneanea,ne,3270071.mp3
80073,27,angato,,3270254.mp3
80074,27,angatongato,,3270388.mp3
80075,27,angeale,,3270703.mp3
80076,27,angidrakale,,3270847.mp3
80077,27,angitokadre,,3271029.mp3
80078,27,angivale,,3270039.mp3
80079,27,angodrale,,3270270.mp3
80080,27,angolringaw,,3270813.mp3
80081,27,’angolro,,3270373.mp3
80082,27,ani’alay,,3270640.mp3
80083,27,anilralrang,,3270997.mp3
80084,27,aniyaomasa,ne,3271006.mp3
80085,27,a’oy,,3270418.mp3
80086,27,arabe,,3270707.mp3
80087,27,arakai,,3271016.mp3
80088,27,’araramaw,,3270045.mp3
80089,27,aray,,3270377.mp3
80090,27,’aridi,,3270235.mp3
80091,27,asabalriya,ne,3270586.mp3
80092,27,’asabo,,3270408.mp3
80093,27,’asatedra,ne,3271035.mp3
80094,27,asi,,3270079.mp3
80095,27,asi ’i,,3271042.mp3
80096,27,’asikaolo,,3271013.mp3
80097,27,asiloiya,ne,3271062.mp3
80098,27,asolro,,3270325.mp3
80099,27,’asoro,,3271026.mp3
80100,27,atatabang,,3270211.mp3
80101,27,atatimalaw,,3270218.mp3
80102,27,atatolrale,,3270225.mp3
80103,27,’atenga,ne,3271058.mp3
80104,27,athang,,3270610.mp3
80105,27,athay,,3270164.mp3
80106,27,’athingathingale,,3270827.mp3
80107,27,ati,,3270156.mp3
80108,27,atodralro,,3270824.mp3
80109,27,’atong,,3270900.mp3
80110,27,’atwanaw,,3271037.mp3
80111,27,avava,,3270158.mp3
80112,27,avelevele,,3270742.mp3
80113,27,aw’awko,,3270251.mp3
80114,27,awlro,,3270136.mp3
80115,27,aydri,,3270773.mp3
80116,27,azazame,,3270192.mp3
80117,27,baa,,3270157.mp3
80118,27,baase,,3270569.mp3
80119,27,babalra,ne,3270533.mp3
80120,27,babiyabila ladreke,,3270427.mp3
80121,27,baboy,,3270201.mp3
80122,27,baeke,,3270178.mp3
80123,27,bakale,,3270520.mp3
80124,27,bakisiyo,,3270894.mp3
80125,27,bakway,,3270292.mp3
80126,27,balace,,3270279.mp3
80127,27,balebale,,3270265.mp3
80128,27,bali,,3270293.mp3
80129,27,balrako,,3270568.mp3
80130,27,balre,,3270704.mp3
80131,27,balrenga,,3270881.mp3
80132,27,balrilawlaw,,3270429.mp3
80133,27,balrithi,,3270888.mp3
80134,27,balrotai,,3270646.mp3
80135,27,bangate,,3270009.mp3
80136,27,baowa,ne,3270957.mp3
80137,27,barang,,3270147.mp3
80138,27,barasolo,,3270399.mp3
80139,27,barici,,3270919.mp3
80140,27,baringiyalay,,3270280.mp3
80141,27,barobarowa,ne,3270604.mp3
80142,27,barongolo,,3270390.mp3
80143,27,base,,3270587.mp3
80144,27,baseng,,3270922.mp3
80145,27,batoko,,3270584.mp3
80146,27,bava,ne,3270581.mp3
80147,27,bay,,3270635.mp3
80148,27,baza,,3270117.mp3
80149,27,bazo,,3270387.mp3
80150,27,be’a,,3270740.mp3
80151,27,beceng,,3270593.mp3
80152,27,bekela,ne,3270940.mp3
80153,27,bekelay,,3270038.mp3
80154,27,belebele,,3270252.mp3
80155,27,beleng,,3270487.mp3
80156,27,bena,ne,3270227.mp3
80157,27,bengelray,,3270260.mp3
80158,27,berathe,,3270578.mp3
80159,27,bethebethe,,3270708.mp3
80160,27,bibiya,ne,3270185.mp3
80161,27,bicoka,,3270163.mp3
80162,27,bilibili,,3270719.mp3
80163,27,bitake,,3270721.mp3
80164,27,biya,ne,3270257.mp3
80165,27,bo’a’e,,3270190.mp3
80166,27,bobong,,3270600.mp3
80167,27,boboto,,3270216.mp3
80168,27,bokolo,,3270159.mp3
80169,27,boo,,3270515.mp3
80170,27,borarase,,3270605.mp3
80171,27,borasi,,3270307.mp3
80172,27,botolo,,3270595.mp3
80173,27,bwate,,3270145.mp3
80174,27,caki,,3270852.mp3
80175,27,calraviya,ne,3270440.mp3
80176,27,calringa,,3270131.mp3
80177,27,caobo,,3270340.mp3
80178,27,cayli,,3270481.mp3
80179,27,cebecebe,,3270650.mp3
80180,27,ceele,,3270806.mp3
80181,27,ce’era,ne,3270598.mp3
80182,27,cekele,,3270615.mp3
80183,27,celra,,3270696.mp3
80184,27,ciboko,,3270734.mp3
80185,27,cicigiya,ne,3270768.mp3
80186,27,ciki’i,,3271014.mp3
80187,27,cilrake,,3270155.mp3
80188,27,cilri,,3271032.mp3
80189,27,coboso,,3270256.mp3
80190,27,colo,,3270851.mp3
80191,27,colrolo,,3270689.mp3
80192,27,comay,,3270209.mp3
80193,27,cosa,ne,3270979.mp3
80194,27,daane,,3270435.mp3
80195,27,dadavace,,3270638.mp3
80196,27,dae,,3270385.mp3
80197,27,daedae,,3270489.mp3
80198,27,daikong,,3270589.mp3
80199,27,daki’i,,3271019.mp3
80200,27,dako’alre,,3270181.mp3
80201,27,dalramiya,ne,3270514.mp3
80202,27,dalrili,,3270358.mp3
80203,27,dameke,,3270688.mp3
80204,27,dare’e,,3271040.mp3
80205,27,davace,,3270639.mp3
80206,27,dawlo,,3270812.mp3
80207,27,dayli,,3270963.mp3
80208,27,deethe,,3270959.mp3
80209,27,dekele,,3270180.mp3
80210,27,dingding,,3270237.mp3
80211,27,dingki,,3270335.mp3
80212,27,direrele,,3270603.mp3
80213,27,dola,,3270162.mp3
80214,27,domolo,,3270731.mp3
80215,27,domolo dae,,3270392.mp3
80216,27,dona’isi,,3270761.mp3
80217,27,dorase,,3270531.mp3
80218,27,doray,,3270591.mp3
80219,27,dra’ale,,3270141.mp3
80220,27,drakale,,3271036.mp3
80221,27,drakerale,,3270386.mp3
80222,27,dralray,,3270682.mp3
80223,27,dralreke,,3270887.mp3
80224,27,dramare,,3270404.mp3
80225,27,drangedrang,,3271003.mp3
80226,27,dra’olro,,3270166.mp3
80227,27,draydray,,3270176.mp3
80228,27,dre’ete,,3270725.mp3
80229,27,drelre,,3270313.mp3
80230,27,drelreke,,3270152.mp3
80231,27,dreredrere,,3270411.mp3
80232,27,drilra,,3270823.mp3
80233,27,drilreleme,,3270417.mp3
80234,27,dringelrese,,3270991.mp3
80235,27,drisisi,,3270763.mp3
80236,27,dromolo,,3270693.mp3
80237,27,drosa,,3270002.mp3
80238,27,drosa ka iday,,3270036.mp3
80239,27,ebelre,,3270414.mp3
80240,27,eca,ne,3270599.mp3
80241,27,ede,,3270184.mp3
80242,27,edreka,ne,3271002.mp3
80243,27,eea,,3270001.mp3
80244,27,eea ka iday,,3270035.mp3
80245,27,eene,,3270617.mp3
80246,27,"eene, si...",,3271087.mp3
80247,27,’ekake,,3270840.mp3
80248,27,’elaela,,3270814.mp3
80249,27,eleba,ne,3270629.mp3
80250,27,elebe,,3270673.mp3
80251,27,emeeme,,3270413.mp3
80252,27,’emi,,3270297.mp3
80253,27,enay,,3270384.mp3
80254,27,eneme,,3270006.mp3
80255,27,eray,,3270144.mp3
80256,27,etay,,3270363.mp3
80257,27,evege,,3270724.mp3
80258,27,gacegace,,3270698.mp3
80259,27,gacivalre,,3270759.mp3
80260,27,gaciyo,,3270242.mp3
80261,27,galrawgaw,,3270174.mp3
80262,27,galrolagola,,3270677.mp3
80263,27,gamay,,3270137.mp3
80264,27,garoco,,3270364.mp3
80265,27,gelrabe,,3270895.mp3
80266,27,gelregelre,,3270754.mp3
80267,27,gemegeme,,3270723.mp3
80268,27,giritimi,,3270330.mp3
80269,27,golrogolro,,3270884.mp3
80270,27,gomagomo,,3270765.mp3
80271,27,goong,,3270196.mp3
80272,27,habetare,,3270217.mp3
80273,27,habohabowa,ne,3270607.mp3
80274,27,hamesere,,3270990.mp3
80275,27,hasele,,3270562.mp3
80276,27,hilriyo,,3270511.mp3
80277,27,hiring,,3270987.mp3
80278,27,hoso,,3270371.mp3
80279,27,’icecelreng,,3270602.mp3
80280,27,iday,,3270034.mp3
80281,27,idiri,,3270516.mp3
80282,27,idiya,,3270785.mp3
80283,27,’igisi,,3270820.mp3
80284,27,ikidri,,3270153.mp3
80285,27,ila,ne,3270564.mp3
80286,27,’ilaka,ne,3270266.mp3
80287,27,ililing,,3270391.mp3
80288,27,iloko,,3270647.mp3
80289,27,ilrang,,3270871.mp3
80290,27,’ilri,,3270727.mp3
80291,27,imay,,3270561.mp3
80292,27,ina,ne,3271091.mp3
80293,27,inamay,,3270324.mp3
80294,27,’incai,,3270285.mp3
80295,27,iniya,ne,3271077.mp3
80296,27,iniyana,ne,3271078.mp3
80297,27,ino,,3270072.mp3
80298,27,’inolri,,3270831.mp3
80299,27,’inpici,,3270314.mp3
80300,27,’ising,,3270115.mp3
80301,27,’isiyo,,3270143.mp3
80302,27,’ito,,3270007.mp3
80303,27,’iya,,3270066.mp3
80304,27,’iya,,3270075.mp3
80305,27,’iyanga,,3270075.mp3
80306,27,ka,ne,3271089.mp3
80307,27,ka’alonga,ne,3270356.mp3
80308,27,kaang,,3270193.mp3
80309,27,kabociaciaka,ne,3270466.mp3
80310,27,kabociyaka,ne,3270490.mp3
80311,27,kac,,3270790.mp3
80312,27,kacingi,,3270541.mp3
80313,27,kadadavaka,ne,3270968.mp3
80314,27,kadalame,,3270833.mp3
80315,27,kado,,3270883.mp3
80316,27,kadray,,3270560.mp3
80317,27,kadroa,ne,3271050.mp3
80318,27,kadrokalalekete,,3271053.mp3
80319,27,kadrokiyatoma,ne,3271051.mp3
80320,27,kadrokiyomaw,,3271052.mp3
80321,27,kadromikai,,3271072.mp3
80322,27,kadromiyakaikai,,3271071.mp3
80323,27,kadrothingale,,3271057.mp3
80324,27,kadrowa,ne,3271055.mp3
80325,27,kadrowana malreme,,3270973.mp3
80326,27,kaelrea,ne,3270380.mp3
80327,27,kai,,3271056.mp3
80328,27,ka’iliya,ne,3270300.mp3
80329,27,kaingo,,3270084.mp3
80330,27,kaivai,,3270062.mp3
80331,27,kaivaiyana,ne,3270458.mp3
80332,27,kaiyasa,ne,3270483.mp3
80333,27,kakerenga,ne,3270365.mp3
80334,27,kaki ’inga,ne,3270553.mp3
80335,27,kakoza,ne,3270621.mp3
80336,27,kaladraidraza,ne,3270410.mp3
80337,27,kalaea’a,ne,3270532.mp3
80338,27,kalakecelra,ne,3270409.mp3
80339,27,kalakekecelra,ne,3270428.mp3
80340,27,kalalekete,,3271093.mp3
80341,27,kalariyariga,ne,3270426.mp3
80342,27,kalrivathale,,3270543.mp3
80343,27,kameameala,ne,3270416.mp3
80344,27,kamoraw,,3270303.mp3
80345,27,kanahoving,,3270395.mp3
80346,27,kane,,3270786.mp3
80347,27,kangkang,,3270502.mp3
80348,27,karadare,,3270567.mp3
80349,27,karadrare,,3270379.mp3
80350,27,karara,ne,3270200.mp3
80351,27,karidrang,,3270302.mp3
80352,27,karilay,,3270927.mp3
80353,27,katha,ne,3271067.mp3
80354,27,kawai,,3270064.mp3
80355,27,kawlai,,3270966.mp3
80356,27,kawriva,,3270807.mp3
80357,27,kece,,3270555.mp3
80358,27,kela,ne,3270636.mp3
80359,27,kelanga,,3270675.mp3
80360,27,kelraiya,,3270896.mp3
80361,27,kelray,,3270685.mp3
80362,27,kensase,,3270120.mp3
80363,27,ketekete,,3270710.mp3
80364,27,ki,,3271090.mp3
80365,27,kiadringai,,3271041.mp3
80366,27,ki’aete,,3270818.mp3
80367,27,ki’alang ki bazabaza,ne,3270923.mp3
80368,27,kibay,,3270658.mp3
80369,27,kicakowa,ne,3270856.mp3
80370,27,kidreseng,,3270656.mp3
80371,27,kidring,,3270359.mp3
80372,27,ki’elaela,,3270816.mp3
80373,27,ki’ing,,3270536.mp3
80374,27,kikai,,3270063.mp3
80375,27,kilalava,,3270865.mp3
80376,27,kilangai,,3270630.mp3
80377,27,kilrala,,3270822.mp3
80378,27,kilrong,,3270507.mp3
80379,27,kinaomasa,ne,3270139.mp3
80380,27,kiragay,,3270837.mp3
80381,27,kisalro,,3270637.mp3
80382,27,kisiya,ne,3270575.mp3
80383,27,kivaevang,,3270906.mp3
80384,27,kiyaboli,,3270974.mp3
80385,27,kiyadolro,,3270955.mp3
80386,27,kiyalrala,ne,3270612.mp3
80387,27,kiyalralraw,,3270897.mp3
80388,27,kiyalronglrong,,3271021.mp3
80389,27,kiyangeange,,3270908.mp3
80390,27,kiyaragay,,3270841.mp3
80391,27,kiyatoma,ne,3270074.mp3
80392,27,kiyokai,,3270530.mp3
80393,27,kiyolri,,3270282.mp3
80394,27,ko,,3271089.mp3
80395,27,koco,,3270219.mp3
80396,27,kodrolo,,3270037.mp3
80397,27,koiga,ne,3270078.mp3
80398,27,kokoy,,3270249.mp3
80399,27,kolaw,,3270609.mp3
80400,27,kolaza,ne,3271001.mp3
80401,27,kolini,,3270051.mp3
80402,27,kolokolo,,3270188.mp3
80403,27,kolroco,,3270306.mp3
80404,27,komiya,ne,3270461.mp3
80405,27,komiyaiya,ne,3270468.mp3
80406,27,konai,,3270050.mp3
80407,27,konako,,3270047.mp3
80408,27,kono,,3270558.mp3
80409,27,konomi,,3270049.mp3
80410,27,korisi,,3270308.mp3
80411,27,korokoro,,3270780.mp3
80412,27,koso,,3270046.mp3
80413,27,kota,,3270059.mp3
80414,27,koto,,3270867.mp3
80415,27,kotrakilri,,3270859.mp3
80416,27,koza,ne,3270456.mp3
80417,27,kwac,,3270790.mp3
80418,27,kwakwang,,3270690.mp3
80419,27,kwane,,3270786.mp3
80420,27,kwang,,3270519.mp3
80421,27,kwani,,3270048.mp3
80422,27,kwasa,ne,3271083.mp3
80423,27,kwatholra’ay,,3270793.mp3
80424,27,labiti,,3270559.mp3
80425,27,laceng,,3270580.mp3
80426,27,lalrlalr,,3270233.mp3
80427,27,lamani,,3271073.mp3
80428,27,lamasakacekele,,3270093.mp3
80429,27,lamatakataka,,3270096.mp3
80430,27,lamikai,,3271081.mp3
80431,27,lamiyaikai,,3270065.mp3
80432,27,lamo,,3270412.mp3
80433,27,lamomo,,3270301.mp3
80434,27,langai,,3270634.mp3
80435,27,langoy,,3270711.mp3
80436,27,la’o,,3270898.mp3
80437,27,laobo,,3270861.mp3
80438,27,laong,,3270250.mp3
80439,27,latadre,,3270448.mp3
80440,27,lawlaw,,3270585.mp3
80441,27,ledra,,3270952.mp3
80442,27,le’ele’e,,3270286.mp3
80443,27,lengelenge,,3270826.mp3
80444,27,leseme,,3270891.mp3
80445,27,liba,ne,3270509.mp3
80446,27,libi,,3270393.mp3
80447,27,ligaw,,3270368.mp3
80448,27,likace,,3270415.mp3
80449,27,lika’e,,3270679.mp3
80450,27,lingaw,,3271027.mp3
80451,27,lingo,,3270354.mp3
80452,27,liyaw,,3270425.mp3
80453,27,liyogonga,ne,3270430.mp3
80454,27,lo,,3271010.mp3
80455,27,loasanenga,ne,3270469.mp3
80456,27,locayli,,3270454.mp3
80457,27,loceele,,3270678.mp3
80458,27,loiga,ne,3270069.mp3
80459,27,loigaiganenga,ne,3270474.mp3
80460,27,loiyasi,,3271079.mp3
80461,27,lolodro,,3270498.mp3
80462,27,lomase,,3270348.mp3
80463,27,lomiya,ne,3270472.mp3
80464,27,lomiyaiya,ne,3270470.mp3
80465,27,long,,3270339.mp3
80466,27,longkiyaw,,3270121.mp3
80467,27,loo,,3270199.mp3
80468,27,loza,ne,3270457.mp3
80469,27,lraang,,3270443.mp3
80470,27,lrabo,,3270521.mp3
80471,27,lrabwale,,3270641.mp3
80472,27,lraceng,,3270962.mp3
80473,27,lradrang,,3270706.mp3
80474,27,lrakedale,,3270753.mp3
80475,27,lrakoyli,,3270879.mp3
80476,27,lralribeng,,3270449.mp3
80477,27,lramolo,,3270501.mp3
80478,27,lrana,ne,3270382.mp3
80479,27,lrangele,,3270331.mp3
80480,27,lraodro,,3270497.mp3
80481,27,lrawnga,ne,3270434.mp3
80482,27,lrawtiya,ne,3270128.mp3
80483,27,lrayli,,3270517.mp3
80484,27,lre’ang,,3270557.mp3
80485,27,lree,,3270177.mp3
80486,27,lreede,,3270791.mp3
80487,27,lre’eng,,3270043.mp3
80488,27,lrekelreke,,3270546.mp3
80489,27,lrenege,,3270439.mp3
80490,27,lribang,,3270436.mp3
80491,27,lridame,,3270172.mp3
80492,27,lriding,,3270539.mp3
80493,27,lri’esai,,3271017.mp3
80494,27,lri’ethela,,3270870.mp3
80495,27,lri’ethele,,3270842.mp3
80496,27,lrikolaw,,3270207.mp3
80497,27,lriloko,,3270296.mp3
80498,27,lrima,,3270005.mp3
80499,27,lringaw,,3270134.mp3
80500,27,lrino,,3270420.mp3
80501,27,lrithabolo,,3270764.mp3
80502,27,lritrong,,3271046.mp3
80503,27,lriyoso,,3270750.mp3
80504,27,lrokoco,,3270283.mp3
80505,27,lrolay,,3270110.mp3
80506,27,lrolay ka ababay,,3270108.mp3
80507,27,lrolay ka sawalay,,3270107.mp3
80508,27,lrolrong,,3270171.mp3
80509,27,lwangai,,3270634.mp3
80510,27,ma,ne,3271080.mp3
80511,27,ma’alili,,3270971.mp3
80512,27,mabalrebalre,,3270924.mp3
80513,27,mabanaw,,2270205.mp3
80514,27,mabangate,,3270033.mp3
80515,27,mabeleng,,3270930.mp3
80516,27,mabocoko,,3270795.mp3
80517,27,mabola,,3270950.mp3
80518,27,mabosoko,,3270941.mp3
80519,27,maboti’i,,3270967.mp3
80520,27,mabotolro,,3270953.mp3
80521,27,maboy,,3270913.mp3
80522,27,maca,,3270133.mp3
80523,27,macaeme,,3270925.mp3
80524,27,macicava,,3270942.mp3
80525,27,madadameke,,3270776.mp3
80526,27,madalame,,3270832.mp3
80527,27,madireseng,,3270996.mp3
80528,27,madiretheng,,3270943.mp3
80529,27,madola,,3270909.mp3
80530,27,madradradraw,,3270918.mp3
80531,27,madradreseng,,3270804.mp3
80532,27,madralredre,,3270982.mp3
80533,27,madralremedreme,,3270431.mp3
80534,27,madraw,,3270931.mp3
80535,27,madrikidrikisi,,3270777.mp3
80536,27,madro,,3270267.mp3
80537,27,maecebe,,3270042.mp3
80538,27,maedrere,,3270983.mp3
80539,27,maela,ne,3271054.mp3
80540,27,maelanenga,,3271048.mp3
80541,27,magaceacelre,,3270920.mp3
80542,27,magiligili,,3270697.mp3
80543,27,ma’ilay,,3270916.mp3
80544,27,maimai,,3270224.mp3
80545,27,ma’irase,,3270542.mp3
80546,27,ma’itolo,,3270031.mp3
80547,27,makabeleng,,3270234.mp3
80548,27,makaelaela,ne,3270041.mp3
80549,27,maka’elre,,3271085.mp3
80550,27,makalra,ne,3270936.mp3
80551,27,makalrilaw,,3270551.mp3
80552,27,makatatodroy,,3270921.mp3
80553,27,makatokodrali,,3270478.mp3
80554,27,makazame,,3270797.mp3
80555,27,makeceng,,3270989.mp3
80556,27,makede’alre,,3270985.mp3
80557,27,makedremelre,,3270945.mp3
80558,27,makilrong,,3270965.mp3
80559,27,malangso,,3270882.mp3
80560,27,malebe,,3270932.mp3
80561,27,maledra,ne,3270471.mp3
80562,27,maledraedra,ne,3270462.mp3
80563,27,malimeme,,3270984.mp3
80564,27,malisi,,3270838.mp3
80565,27,maliya’ay,,3270929.mp3
80566,27,malra,,3270687.mp3
80567,27,malralri,,3270998.mp3
80568,27,malranglrange,,3270949.mp3
80569,27,malreme,,3271004.mp3
80570,27,malri,,3270311.mp3
80571,27,malrigili,,3270830.mp3
80572,27,malrimale,,3270029.mp3
80573,27,malrimalri,,3270686.mp3
80574,27,malriyo,,3270977.mp3
80575,27,mamamelre,,3270988.mp3
80576,27,mamealenga,,3270954.mp3
80577,27,manema,ne,3270067.mp3
80578,27,manemele,,3270030.mp3
80579,27,manganga,ne,3271094.mp3
80580,27,mangangerece,,3270938.mp3
80581,27,mangeale,,3270010.mp3
80582,27,mangeale si bangate,,3270019.mp3
80583,27,mangeale si drosa,,3270012.mp3
80584,27,mangeale si eea,,3270011.mp3
80585,27,mangeale si eneme,,3270016.mp3
80586,27,mangeale si ’ito,,3270017.mp3
80587,27,mangeale si lrima,,3270015.mp3
80588,27,mangeale si so’ate,,3270014.mp3
80589,27,mangeale si tolro,,3270013.mp3
80590,27,mangeale si valro,,3270018.mp3
80591,27,mangerece,,3270934.mp3
80592,27,maong,,3270455.mp3
80593,27,ma’osale,,3270020.mp3
80594,27,ma’osale si drosa,,3270022.mp3
80595,27,ma’osale si eea,,3270021.mp3
80596,27,ma’osale si lrima,,3270025.mp3
80597,27,ma’osale si so’ate,,3270024.mp3
80598,27,ma’osale si tolro,,3270023.mp3
80599,27,marahemetre,,3270933.mp3
80600,27,maramaramaw,,3270614.mp3
80601,27,maredrare,,3270951.mp3
80602,27,marimoro,,3270808.mp3
80603,27,marobili,,3270947.mp3
80604,27,marodrang,,3270111.mp3
80605,27,masalasa,ne,3270606.mp3
80606,27,masalremeseme,,3270464.mp3
80607,27,masarovasivi,,3270986.mp3
80608,27,masasevesevere,,3270433.mp3
80609,27,masi’elreng,,3270854.mp3
80610,27,maso’atele,,3270028.mp3
80611,27,maso’ilri,,3270958.mp3
80612,27,maswalisi,,3270858.mp3
80613,27,maswaswabe,,3270862.mp3
80614,27,matelrege,,3270928.mp3
80615,27,mathalralray,,3270839.mp3
80616,27,mathalray,,3270836.mp3
80617,27,mathangelra,ne,3271000.mp3
80618,27,mathariri,,3270937.mp3
80619,27,matholivate,,3270976.mp3
80620,27,mathorare,,3270970.mp3
80621,27,matiyagawgaw,,3270338.mp3
80622,27,matiyakoro,,3270956.mp3
80623,27,mato’ahe,,3270980.mp3
80624,27,matolrolo,,3270026.mp3
80625,27,matolrolo si eea,,3270027.mp3
80626,27,mavalrolo,,3270032.mp3
80627,27,mawdadaane,,3270095.mp3
80628,27,mawgaw,,3270432.mp3
80629,27,mawng,,3270298.mp3
80630,27,mawvagay,,3270666.mp3
80631,27,megi,,3270288.mp3
80632,27,memeca,,3270809.mp3
80633,27,mikaikai,,3271007.mp3
80634,27,miya,ne,3271082.mp3
80635,27,miyakakwa,ne,3270068.mp3
80636,27,miyalrealre,,3270459.mp3
80637,27,mobakolo,,3270781.mp3
80638,27,mobere,,3270644.mp3
80639,27,mobiya,,3270892.mp3
80640,27,moca’ebe,,3270886.mp3
80641,27,modradraza,ne,3270655.mp3
80642,27,moelebe,,3270632.mp3
80643,27,mompi,,3270549.mp3
80644,27,mongico,,3270762.mp3
80645,27,moriangato,,3270694.mp3
80646,27,morotokolro,,3270866.mp3
80647,27,mosakidri,,3271012.mp3
80648,27,motalivaivay,,3270670.mp3
80649,27,mowa,ne,3270631.mp3
80650,27,mwabalrake,,3270964.mp3
80651,27,mwabaysi,,3270799.mp3
80652,27,mwabeleng,,3270699.mp3
80653,27,mwacingase,,3270375.mp3
80654,27,mwadaane,,3270087.mp3
80655,27,mwadring,,3270645.mp3
80656,27,mwadringadringai,,3271047.mp3
80657,27,mwadringai,,3270969.mp3
80658,27,mwakabalrobalrowa,ne,3270129.mp3
80659,27,mwakathabara,ne,3270125.mp3
80660,27,mwakolodro,,3270834.mp3
80661,27,mwalatadre,,3270680.mp3
80662,27,mwalringalringaw,,3270828.mp3
80663,27,mwalriyoso,,3271045.mp3
80664,27,mwanga,,3270848.mp3
80665,27,mwangatradre,,3271015.mp3
80666,27,mwarairay,,3270691.mp3
80667,27,mwathigai,,3270749.mp3
80668,27,mwato’ava,ne,3270961.mp3
80669,27,mwatokolro,,3271043.mp3
80670,27,mwatrangili,,3271044.mp3
80671,27,mwatrerage,,3270654.mp3
80672,27,nadroma,ne,3271076.mp3
80673,27,nagane,,3270106.mp3
80674,27,naina,,3270081.mp3
80675,27,nama,,3270080.mp3
80676,27,nana,,3270926.mp3
80677,27,nawana,ne,3271070.mp3
80678,27,nawmo,,3270083.mp3
80679,27,ngalray,,3270165.mp3
80680,27,ngalrotho,,3270160.mp3
80681,27,ngatradre,,3270389.mp3
80682,27,ngayngay,,3270122.mp3
80683,27,ngeta,,3270946.mp3
80684,27,ngiyaw,,3270191.mp3
80685,27,ngodoy,,3270135.mp3
80686,27,ngodrangodro,,3270263.mp3
80687,27,ngongoa,ne,3270140.mp3
80688,27,niciyobi,,3270480.mp3
80689,27,ningging,,3270284.mp3
80690,27,niyama,ne,3270633.mp3
80691,27,obale,,3270186.mp3
80692,27,obobola,ne,3270394.mp3
80693,27,obolo,,3270262.mp3
80694,27,odale,,3270407.mp3
80695,27,odaodale,,3270402.mp3
80696,27,’odra’ale,,3270752.mp3
80697,27,odrava,ne,3271063.mp3
80698,27,’odrolri,,3270878.mp3
80699,27,’oko,,3270179.mp3
80700,27,olawlay,,3270205.mp3
80701,27,’oli’oli,,3270601.mp3
80702,27,olralridring,,3270877.mp3
80703,27,olrawlra,,3270846.mp3
80704,27,olrodro,,3270444.mp3
80705,27,omase,,3270114.mp3
80706,27,ongolo,,3270788.mp3
80707,27,’ongongodo,,3270401.mp3
80708,27,ono,,3270146.mp3
80709,27,onoang,,3270208.mp3
80710,27,opo’opo,,3270198.mp3
80711,27,’osakaelre,,3271018.mp3
80712,27,ota,,3270789.mp3
80713,27,’otaw,,3270350.mp3
80714,27,ototho,,3270915.mp3
80715,27,pingsiang,,3270369.mp3
80716,27,pitaw,,3270508.mp3
80717,27,poloko,,3270010.mp3
80718,27,rabi,,3270772.mp3
80719,27,raedre,,3270445.mp3
80720,27,ragoso,,3270326.mp3
80721,27,ranakanga,ne,3270972.mp3
80722,27,rarivo,,3270819.mp3
80723,27,rariyava,ne,3270238.mp3
80724,27,ravare,,3270206.mp3
80725,27,ravathe,,3270526.mp3
80726,27,redrene,,3270453.mp3
80727,27,redreredre,,3270344.mp3
80728,27,retesa,ne,3270085.mp3
80729,27,ringiringi,,3270875.mp3
80730,27,robo,,3270244.mp3
80731,27,roko,,3270903.mp3
80732,27,romay,,3270341.mp3
80733,27,ronono,,3270784.mp3
80734,27,ro’osonga,ne,3270496.mp3
80735,27,rwabi,,3270772.mp3
80736,27,sa’a,,3270890.mp3
80737,27,sa’abelenga,ne,3270563.mp3
80738,27,saadre,,3270119.mp3
80739,27,sa’avaivaiya,ne,3270505.mp3
80740,27,sababo,,3270316.mp3
80741,27,sabalri,,3270810.mp3
80742,27,sabiki,,3270264.mp3
80743,27,saboliboliya,ne,3270353.mp3
80744,27,sabolo,,3270503.mp3
80745,27,sacaecaeba,ne,3270336.mp3
80746,27,sadroko,,3271024.mp3
80747,27,saitaw,,3270589.mp3
80748,27,saito,,3270376.mp3
80749,27,sakacekele,,3270086.mp3
80750,27,sakaci’kaci’a,ne,3270351.mp3
80751,27,sakada,ne,3270089.mp3
80752,27,sakakereng,,3270323.mp3
80753,27,sakelrakelraidha,ne,3270321.mp3
80754,27,salabisi,,3270212.mp3
80755,27,salavavalakeana,ne,3270476.mp3
80756,27,saleleba,ne,3270437.mp3
80757,27,salesese,,3270608.mp3
80758,27,salrakoykoyla,ne,3270333.mp3
80759,27,salreng,,3270885.mp3
80760,27,salri,,3270732.mp3
80761,27,samosakisakidra,ne,3270378.mp3
80762,27,sangirakelrana,ne,3270552.mp3
80763,27,sapingping,,3270040.mp3
80764,27,sapoho,,3270294.mp3
80765,27,sara,ne,3270360.mp3
80766,27,sarakaiya,ne,3270626.mp3
80767,27,sarakaiya tobase,,3270367.mp3
80768,27,sasalreme,,3270295.mp3
80769,27,sasekaya,ne,3270447.mp3
80770,27,sasereseredra,ne,3270337.mp3
80771,27,sasereseresera,ne,3270349.mp3
80772,27,sasevera,ne,3270383.mp3
80773,27,sasing,,3270361.mp3
80774,27,satedre,,3270643.mp3
80775,27,satomatoma,ne,3270355.mp3
80776,27,satomo,,3270170.mp3
80777,27,savigiviga,ne,3270366.mp3
80778,27,savono,,3270362.mp3
80779,27,sawalay,,3270113.mp3
80780,27,senay,,3270905.mp3
80781,27,seredre,,3270566.mp3
80782,27,seresere,,3270899.mp3
80783,27,si,,3270669.mp3
80784,27,si ki ’ing,,3270668.mp3
80785,27,si soko,,3270667.mp3
80786,27,sicawbo,,3270873.mp3
80787,27,sidosiya,ne,3270574.mp3
80788,27,sigo,,3270245.mp3
80789,27,si’i,,3270528.mp3
80790,27,sikaino,,3271049.mp3
80791,27,sila’e,,3271031.mp3
80792,27,sila’etangilisiya,ne,3271039.mp3
80793,27,silribo,,3270775.mp3
80794,27,sima,,3270167.mp3
80795,27,sinaw,,3270843.mp3
80796,27,singsi,,3270116.mp3
80797,27,sinposang,,3270126.mp3
80798,27,sirosiroko,,3270223.mp3
80799,27,sititi,,3270767.mp3
80800,27,siyaete,,3271005.mp3
80801,27,siyaetenga,,3270992.mp3
80802,27,siyaling,,3270572.mp3
80803,27,siyawcang,,3270123.mp3
80804,27,siyeni,,3270127.mp3
80805,27,so’ate,,3270004.mp3
80806,27,sobelebeleng,,3270405.mp3
80807,27,sodaliki,,3270766.mp3
80808,27,sodang,,3270329.mp3
80809,27,soko,,3270318.mp3
80810,27,sonate,,3270345.mp3
80811,27,soromon,,3270876.mp3
80812,27,sovi,,3270798.mp3
80813,27,swabe,,3270247.mp3
80814,27,swadralro,,3271023.mp3
80815,27,swadrekelre,,3270794.mp3
80816,27,swasolra’e,,3270811.mp3
80817,27,swaswa’e,,3270855.mp3
80818,27,tabolrolo,,3270282.mp3
80819,27,tacekecekela,ne,3270627.mp3
80820,27,ta’elenga,ne,3270534.mp3
80821,27,taene,,3270523.mp3
80822,27,taetalre,,3270796.mp3
80823,27,tagaga,ne,3270248.mp3
80824,27,tagera,ne,3270154.mp3
80825,27,taicobonga,ne,3270620.mp3
80826,27,taihing,,3270118.mp3
80827,27,taikaikaiya,ne,3270352.mp3
80828,27,taingea ka lregelrege,,3270400.mp3
80829,27,taka,,3270098.mp3
80830,27,taka ka ababay,,3270099.mp3
80831,27,taka ka sawalay,,3270100.mp3
80832,27,takainene,,3270671.mp3
80833,27,takalra,,3270975.mp3
80834,27,takataka,,3270097.mp3
80835,27,takesi,,3270901.mp3
80836,27,takesikesi,,3270130.mp3
80837,27,takili,,3270334.mp3
80838,27,takilili,,3270722.mp3
80839,27,takiraragay,,3271011.mp3
80840,27,takithi,,3270328.mp3
80841,27,takitolalaka,ne,3270484.mp3
80842,27,takiyang,,3270278.mp3
80843,27,takonga,ne,3270240.mp3
80844,27,takosiyolri,,3270649.mp3
80845,27,talangaza,ne,3270625.mp3
80846,27,taleke,,3270592.mp3
80847,27,talicobong,,3270488.mp3
80848,27,talodro,,3270441.mp3
80849,27,talragi,,3270109.mp3
80850,27,talrebalre,,3270657.mp3
80851,27,talrelrea,ne,3270182.mp3
80852,27,talrenge,,3270277.mp3
80853,27,talrobalre,,3270741.mp3
80854,27,talro’ono,,3270535.mp3
80855,27,tamako,,3270304.mp3
80856,27,tamaring,,3270269.mp3
80857,27,tangadra,ne,3270276.mp3
80858,27,tanga’enga’e,,3270239.mp3
80859,27,tangea,ne,3270613.mp3
80860,27,tangerava,ne,3270289.mp3
80861,27,taraminiya,ne,3271008.mp3
80862,27,taramonage,,3270261.mp3
80863,27,tarasorodro,,3270228.mp3
80864,27,tariyaw,,3270406.mp3
80865,27,tarokoko,,3270194.mp3
80866,27,tasekeseketa,ne,3270450.mp3
80867,27,tasialronaina,ne,3270173.mp3
80868,27,tasiya,ne,3270183.mp3
80869,27,tatakesikesiya,ne,3270438.mp3
80870,27,tatarokoka,ne,3270446.mp3
80871,27,tathaino,,3270076.mp3
80872,27,tavangolo,,3270305.mp3
80873,27,tavasi,,3271022.mp3
80874,27,tavathiyang,,3270287.mp3
80875,27,tawana,ne,3270442.mp3
80876,27,tawcai,,3270290.mp3
80877,27,tawiyo,,3270597.mp3
80878,27,taw’ong,,3270189.mp3
80879,27,tawtho,,3270187.mp3
80880,27,tay,,3270255.mp3
80881,27,teke’e,,3271025.mp3
80882,27,teketeke,,3270774.mp3
80883,27,tenaenaele,,3270381.mp3
80884,27,thalaza,ne,3270663.mp3
80885,27,thalrakwala,,3270857.mp3
80886,27,thalretale,,3270299.mp3
80887,27,thalriyadring,,3270226.mp3
80888,27,thangocongoco,,3270175.mp3
80889,27,tharatakanga,,3270700.mp3
80890,27,thathaino,,3270076.mp3
80891,27,theere,,3270755.mp3
80892,27,the’ethe’e,,3270787.mp3
80893,27,thelrece,,3270524.mp3
80894,27,thethere,,3270730.mp3
80895,27,thibolay,,3270681.mp3
80896,27,thili,,3270492.mp3
80897,27,thimakolo,,3270246.mp3
80898,27,thingale,,3270805.mp3
80899,27,thirolo,,3270849.mp3
80900,27,thiyabe,,3270714.mp3
80901,27,thiyageng,,3270281.mp3
80902,27,tholake,,3270960.mp3
80903,27,tholidri,,3270665.mp3
80904,27,thotho,,3270148.mp3
80905,27,ti’aw,,3270346.mp3
80906,27,tigarawgaw,,3270214.mp3
80907,27,ti’isi,,3270692.mp3
80908,27,tikiya,,3270935.mp3
80909,27,tilribi,,3270370.mp3
80910,27,timidri,,3270151.mp3
80911,27,timo,,3270582.mp3
80912,27,tina,ne,3270231.mp3
80913,27,tingnaw,,3270317.mp3
80914,27,tinono,,3270537.mp3
80915,27,tisiaba,ne,3270571.mp3
80916,27,tiyanese,,3270259.mp3
80917,27,toa ’a lra ’alra na lregelrege,,3270653.mp3
80918,27,toalre’eng,,3271038.mp3
80919,27,tobalre,,3270817.mp3
80920,27,tobekela,ne,3271069.mp3
80921,27,tobi,,3270835.mp3
80922,27,tobong,,3270748.mp3
80923,27,tocalrisi,,3270770.mp3
80924,27,todro,,3270424.mp3
80925,27,to’i,,3270538.mp3
80926,27,toki,,3270319.mp3
80927,27,tokodrali,,3270802.mp3
80928,27,tokwaobo,,3270803.mp3
80929,27,tololay,,3270661.mp3
80930,27,tolravai,,3270844.mp3
80931,27,tolriki,,3270197.mp3
80932,27,tolro,,3270003.mp3
80933,27,tomatoma,ne,3270067.mp3
80934,27,tomawmase,,3270782.mp3
80935,27,too,,3270312.mp3
80936,27,to’oto’o,,3270729.mp3
80937,27,toro,,3270204.mp3
80938,27,torokodro,,3270801.mp3
80939,27,tothadalrane,,3270482.mp3
80940,27,tothoro,,3270202.mp3
80941,27,totolrong,,3270334.mp3
80942,27,tototo,,3270815.mp3
80943,27,totowa,ne,3270149.mp3
80944,27,trahetrahe,,3270889.mp3
80945,27,trekabe,,3270720.mp3
80946,27,tribi,,3270717.mp3
80947,27,trobo,,3270268.mp3
80948,27,twabolro,,3270195.mp3
80949,27,twadridringai,,3270993.mp3
80950,27,twaeraeray,,3270912.mp3
80951,27,twairo’a,,3270860.mp3
80952,27,twakainene,,3270683.mp3
80953,27,twalai,,3270500.mp3
80954,27,twalrana,ne,3270396.mp3
80955,27,twalrisiya,ne,3270527.mp3
80956,27,twami,,3270596.mp3
80957,27,twane,,3270554.mp3
80958,27,twaongosolo,,3270493.mp3
80959,27,twa’oy,,3270880.mp3
80960,27,twkiso,,3270291.mp3
80961,27,vaedre,,3270272.mp3
80962,27,vaga,ne,3270618.mp3
80963,27,vagisi,,3270132.mp3
80964,27,vaiya,ne,3270460.mp3
80965,27,vaiyana,ne,3270616.mp3
80966,27,vakisi,,3270332.mp3
80967,27,valisi,,3270142.mp3
80968,27,valo,,3270221.mp3
80969,27,valray,,3270322.mp3
80970,27,valray ka lrekelreke,,3270550.mp3
80971,27,valro,,3270008.mp3
80972,27,vanale,,3270494.mp3
80973,27,vaoa,,3270868.mp3
80974,27,vay,,3270403.mp3
80975,27,velevele,,3270695.mp3
80976,27,vetay,,3270327.mp3
80977,27,vice’ele,,3270540.mp3
80978,27,vigowa,,3270168.mp3
80979,27,vinwade,,3270274.mp3
80980,27,vinwade obawbala,ne,3270273.mp3
80981,27,viri,,3270495.mp3
80982,27,wa’agoco,,3270733.mp3
80983,27,wa’ana,ne,3270522.mp3
80984,27,wabalay,,3270712.mp3
80985,27,wabay,,3270652.mp3
80986,27,wacabo,,3270743.mp3
80987,27,wacamacama,,3270716.mp3
80988,27,wadreme,,3270745.mp3
80989,27,wa’ece,,3270850.mp3
80990,27,waga,,3270864.mp3
80991,27,walikaikace,,3270825.mp3
80992,27,walomo,,3270757.mp3
80993,27,walra,,3270758.mp3
80994,27,walradre,,3270452.mp3
80995,27,walralra,,3270747.mp3
80996,27,wangeange,,3270911.mp3
80997,27,waobo,,3270451.mp3
80998,27,waodo,,3270715.mp3
80999,27,waodriodri’i,,3270914.mp3
81000,27,wa’ong,,3271084.mp3
81001,27,waroko,,3270709.mp3
81002,27,wasang,,3270939.mp3
81003,27,watokotoko,,3270702.mp3
81004,27,yadrengere,,3270845.mp3
81005,27,yaidi,,3270672.mp3
81006,27,yaini,,3270057.mp3
81007,27,yakai,,3271034.mp3
81008,27,yakai talidroma,ne,3270486.mp3
81009,27,yakaikai,,3270904.mp3
81010,27,yaki anea,ne,3270073.mp3
81011,27,yali,,3270056.mp3
81012,27,yalini,,3270054.mp3
81013,27,yalrana,ne,3271066.mp3
81014,27,yanai,,3270053.mp3
81015,27,yanomi,,3270052.mp3
81016,27,yasadra,,3270853.mp3
81017,27,yasasa,ne,3270467.mp3
81018,27,yaso,,3270055.mp3
81019,27,yata,ne,3270060.mp3
81020,27,zipizipi,,3270506.mp3
81021,27,zoo,,3270229.mp3
